Course name,Degree type,Interest,Institution,Language,Delivery,Location,Duration,Cost - $CAD,Link (for detail page),Target
Big data analytics,Certificate,Technology,York,English,Blended online + live online,Online,6 months,"$3,299",https://continue.yorku.ca/programs/certificate-in-big-data-analytics/,Associate
Advanced data science and predictive analytics,Certificate,Technology,York,English,Blended online + live online,Online,6 months,"$3,855",https://continue.yorku.ca/programs/certificate-in-advanced-data-science-and-predictive-analytics/,Associate
Blockchain development,Certificate,Technology,York,English,Blended online + live online,Online,3 months,"$6,799",https://continue.yorku.ca/programs/certificate-in-blockchain-development/,Associate
Human Resources Management,Certificate,Human Resources,York,English,Blended online + live online,Online,22 months,"$6,921",https://continue.yorku.ca/programs/certificate-in-human-resources-management-online/,Associate
Digital Marketing,Certificate,Marketing,York,English,Blended online + live online,Online,6 months,"$2,307",https://continue.yorku.ca/programs/certificate-in-content-marketing/,Associate
Content Marketing,Certificate,Marketing,York,English,Blended online + live online,Online,6 months,"$2,307",https://continue.yorku.ca/programs/certificate-in-digital-marketing/,Associate
Accounting,Post-grad Certificate,Finance and Accounting,York,English,Blended online + live online,Online,18 months,"$6,152",https://continue.yorku.ca/programs/post-graduate-certificate-in-accounting-online/,Associate
Early Childhood Education,Bachelors,Education,Ontario Tech University,English,Blended online + live online,Online,48 Months,"$23,932",https://ontariotechu.ca/programs/undergraduate/education/early-childhood-studies/index.php,Mid-career
Special EducationDCDSB,Certificate,Education,Ontario Tech University,English,Online,Online,1 month,$675,https://ontariotechu.ca/programs/continuous-learning/education/aq-courses/p1-special-education/index.php#tab-schedule-,Associate
Advanced leadership and management,Certificate,Strategy,Ontario Tech University,English,Online,Online,9 weeks,"$3,599",https://ontariotechu.ca/programs/continuous-learning/business/post-grad-advanced-leadership/index.php,Mid-career
Performance Management,Certificate,Human Resources,Ontario Tech University,English,Online,Online,1 month,$450,https://ontariotechu.ca/programs/continuous-learning/business/performance-management/index.php,Associate
Generative AI for Leadership,Certificate,Sales,Ontario Tech University,English,Online,Online,6 weeks,"$2,049",https://ontariotechu.ca/programs/continuous-learning/business/generative-ai-for-leaders/index.php,Associate
Health Informatics to Improve Quality of Care,Certificate,Healthcare,MIT,English,Online,Online,13 weeks,N/A,https://openlearninglibrary.mit.edu/courses/course-v1:MITx+HST.936x+1T2019/about,Mid-career
Communications and Marketing in a Digital Age,Certificate,Marketing,Ontario techu,English,Online,Online,3 Days,$450,https://ontariotechu.ca/programs/continuous-learning/business/communications-and-marketing-in-a-digital-age/index.php,Associate
Creating Content and Expanding Your Network,Certificate,Marketing,Ontario techu,English,Online,Online,2 days,$450,https://ontariotechu.ca/programs/continuous-learning/marketing-communications/creating-content-and-expanding-your-network/index.php,Executive
Digital Management,Certificate,Marketing,Ontario techu,English,Online,Online,2 days,$450,https://ontariotechu.ca/programs/continuous-learning/marketing-communications/digital-management/index.php,Executive
Digital Media and Marketing Strategies,Certificate,Marketing,Ontario techu,English,Online,Online,2 days,$450,https://ontariotechu.ca/programs/continuous-learning/marketing-communications/digital-media-marketing-strategies1/index.php,Executive
High Impact Communication Skills,Certificate,Marketing,Ontario techu,English,Online,Online,3 Days,$450,https://ontariotechu.ca/programs/continuous-learning/business/high-impact-communication-skills/index.php,Executive
Customer Success Management,Certificate,Marketing,York,English,Blended online + live online,Online,5 weeks,"$2,499",https://continue.yorku.ca/programs/certificate-in-customer-success-management//,Associate
People Analytics,Certificate,Strategy,York,English,Online,Online, 6 months,"$3,299",https://continue.yorku.ca/programs/certificate-in-people-analytics/,Associate
Product Management,Certificate,Product Development,York,English,Blended online + live online,Online, 6 months,"$3,297",https://continue.yorku.ca/programs/certificate-in-product-management/,Associate
Risk Management,Certificate,Finance and Accounting,York,English,Blended online + live online,Online,6 months,"$2,307",https://continue.yorku.ca/programs/certificate-in-risk-management/,Associate
Advanced Cyber Security,Certificate,Technology,York,English,Blended online + live online,Online,5 months,N/A,https://continue.yorku.ca/programs/certificate-in-advanced-cyber-security/,Executive
Advanced Data Science and Predictive Analytics,Certificate,Technology,York,English,Blended online + live online,Online,6 months,"$3,885",https://continue.yorku.ca/programs/certificate-in-advanced-data-science-and-predictive-analytics/,Associate
Cloud Computing Strategy,Certificate,Technology,York,English,Blended online + live online,Online,6 months,"$3,297",https://continue.yorku.ca/programs/certificate-in-cloud-computing-strategy/,Executive
Cyber Security Fundamentals,Certificate,Technology,York,English,Blended online + live online,Online,10 months,"$2,985",https://continue.yorku.ca/programs/certificate-in-cyber-security/,Executive
Cyber Security Intensive,Certificate,Technology,York,English,Blended online + live online,Online,6-week,"$6,270",https://continue.yorku.ca/programs/cyber-security-program-short-intensive/,Associate
DevOps,Certificate,Technology,York,English,Blended online + live online,Online,6-week,"$3,297",https://continue.yorku.ca/programs/certificate-in-devops/,Mid-career
Information Privacy,Certificate,Technology,York,English,Blended online + live online,Online,6-week,"$3,297",https://continue.yorku.ca/programs/certificate-in-information-privacy/,Associate
Information Security Audit,Certificate,Technology,York,English,Blended online + live online,Online,6-week,"$3,297",https://continue.yorku.ca/programs/certificate-in-information-security-audit/,Associate
Machine Learning,Certificate,Technology,York,English,Blended online + live online,Online, 8 months,"$6,799",https://continue.yorku.ca/programs/certificate-in-machine-learning/,Mid-career
Intensive Advanced Legal English Program,Certificate,Finance and Accounting,York,English,Online,Online,12 weeks,"$5,425",https://continue.yorku.ca/programs/intensive-advanced-legal-english-program/,Mid-career
Clinical Research,Certificate,Healthcare,York,English,Blended online + live online,Online, 9 months,"$6,594",https://continue.yorku.ca/programs/certificate-in-clinical-research/,Mid-career
Management Accounting I,Certificate,Finance and Accounting,Algonquin,English,Blended online + live online,Online,3 months 8 days,$476,https://www.algonquincollege.com/online/courses/management-accounting-i/,Mid-career
Human Resources Management,Certificate,Human Resources,Algonquin,English,Online,Online,3 months 8 days,$369,https://www.algonquincollege.com/online/courses/human-resources-management-2/,Mid-career
Management Accounting I,Certificate,Finance and Accounting,Algonquin,English,Online,Online,3 months 8 days,$476,https://www.algonquincollege.com/online/courses/management-accounting-i/,Mid-career
Dental Assisting (Levels I and II),Certificate,Healthcare,Algonquin,English,Online,Online,1 year,"$5,500",https://www.algonquincollege.com/health-studies/program/dental-assisting-levels-i-and-ii/#fees-expenses,Mid-career
Introduction to Canadian Healthcare Studies,Certificate,Healthcare,Algonquin,English,Online,Online,1 year,$216,https://www.algonquincollege.com/perth/program/introduction-to-canadian-healthcare-studies/#fees-expenses,Mid-career
Medical Terminology,Certificate,Healthcare,Algonquin,English,Online,Online,3 months 8 days,$369,https://www.algonquincollege.com/online/courses/medical-terminology/,Mid-career
Medical Terminology-Level 2 - Pronunciation,Certificate,Healthcare,Algonquin,English,Online,Online,3 months 8 days,$369,https://www.algonquincollege.com/online/courses/medical-terminology/,Mid-career
Accounting for Managers.,Bachelors,Finance and Accounting,Athabasca,English,Online,Online, 3 months ,$664,https://www.athabascau.ca/syllabi/acct/acct250.html#content-section-overview,Mid-career
Introductory Financial Accounting,Bachelors,Finance and Accounting,Athabasca,English,Online,Online, 3 months ,$664,https://www.athabascau.ca/syllabi/acct/acct253.html,Mid-career
Not-for-Profit Accounting,Bachelors,Finance and Accounting,Athabasca,English,Online,Online, 3 months ,$664,https://www.athabascau.ca/tools/fee-calculator/index.html,Mid-career
Advanced Financial Accounting,Bachelors,Finance and Accounting,Athabasca,English,Online,Online, 3 months ,$664,https://www.athabascau.ca/syllabi/acct/acct451.html,Mid-career
Intermediate Financial Accounting II (,Bachelors,Finance and Accounting,Athabasca,English,Online,Online, 3 months ,$664,https://www.athabascau.ca/syllabi/acct/acct451.html,Mid-career
Management Control Systems and Decision Analysis,Bachelors,Finance and Accounting,Athabasca,English,Online,Online, 3 months ,$664,https://www.athabascau.ca/syllabi/acct/acct454.html,Mid-career
The Profession of Teaching,Bachelors,Education,Athabasca,English,Online,Online, 3 months ,$664,https://www.athabascau.ca/syllabi/educ/educ201.html,Mid-career
Training and Development in Organizations,Bachelors,Education,Athabasca,English,Online,Online, 3 months ,$664,https://www.athabascau.ca/syllabi/educ/educ317.html,Mid-career
Health Care Economics,Bachelors,Healthcare,Athabasca,English,Online,Online, 3 months ,$664,https://www.athabascau.ca/syllabi/hadm/hadm321.html,Mid-career
Health Issues: Health and Healing,Bachelors,Healthcare,Athabasca,English,Online,Online, 3 months ,$664,https://www.athabascau.ca/syllabi/hadm/hadm326.html,Mid-career
Health and Community Development,Bachelors,Healthcare,Athabasca,English,Online,Online, 3 months ,$664,https://www.athabascau.ca/syllabi/hadm/hadm315.html,Mid-career
Community Health Planning,Bachelors,Healthcare,Athabasca,English,Online,Online, 3 months ,$664,https://www.athabascau.ca/syllabi/hadm/hadm336.html,Mid-career
Evaluating Health Research Evidence,Bachelors,Healthcare,Athabasca,English,Online,Online, 3 months ,$664,https://www.athabascau.ca/syllabi/hadm/hadm399.html,Mid-career
Health Care Law,Bachelors,Healthcare,Athabasca,English,Online,Online, 3 months ,$664,https://www.athabascau.ca/syllabi/hadm/hadm400.html,Mid-career
Practicumâ€”Senior Field Placement in Health Administration,Bachelors,Healthcare,Athabasca,English,Online,Online, 3 months ,$664,https://www.athabascau.ca/syllabi/hadm/hadm435.html,Mid-career
Risk Management and Safety in Health Services,Bachelors,Healthcare,Athabasca,English,Online,Online, 3 months ,$973,https://www.athabascau.ca/syllabi/hadm/hadm488.html,Mid-career
Research Methods in Health Services,Bachelors,Healthcare,Athabasca,English,Online,Online, 3 months ,$664,https://www.athabascau.ca/syllabi/hadm/hadm499.html,Mid-career
Management Information Systems,Bachelors,Technology,Athabasca,English,Online,Online, 3 months ,$664,https://www.athabascau.ca/tools/fee-calculator/index.html,Mid-career
Introduction to Human Health (I),Bachelors,Healthcare,Athabasca,English,Online,Online, 3 months ,$664,https://www.athabascau.ca/syllabi/hlst/hlst200.html,Mid-career
Complementary and Alternative Therapies,Bachelors,Healthcare,Athabasca,English,Online,Online, 3 months ,$664,https://www.athabascau.ca/syllabi/hlst/hlst301.html,Mid-career
Teaching and Learning for Health Professionals,Bachelors,Healthcare,Athabasca,English,Online,Online, 3 months ,$664,https://www.athabascau.ca/syllabi/hlst/hlst320.html,Mid-career
Human Resource Planning,Bachelors,Human Resources,Athabasca,English,Online,Online, 3 months ,$664,https://www.athabascau.ca/syllabi/hrmt/hrmt208.html,Mid-career
Recruitment and Selection,Bachelors,Human Resources,Athabasca,English,Online,Online, 3 months ,$664,https://www.athabascau.ca/syllabi/hrmt/hrmt301.html,Mid-career
Employment Law ,Bachelors,Human Resources,Athabasca,English,Online,Online, 3 months ,$664,https://www.athabascau.ca/syllabi/hrmt/hrmt322.html,Mid-career
Compensation Strategies and Practices,Bachelors,Human Resources,Athabasca,English,Online,Online, 3 months ,$664,https://www.athabascau.ca/syllabi/hrmt/hrmt326.html,Mid-career
Strategic Human Resource Management ,Bachelors,Human Resources,Athabasca,English,Online,Online, 3 months ,$664,https://www.athabascau.ca/syllabi/hrmt/hrmt441.html,Mid-career
Introduction to Marketing,Bachelors,Marketing,Athabasca,English,Online,Online, 3 months ,$664,https://www.athabascau.ca/syllabi/mktg/mktg396.html,Mid-career
E-Marketing,Bachelors,Marketing,Athabasca,English,Online,Online, 3 months ,$664,https://www.athabascau.ca/syllabi/mktg/mktg410.html,Mid-career
Advertising and Promotion,Bachelors,Marketing,Athabasca,English,Online,Online, 3 months ,$664,https://www.athabascau.ca/syllabi/mktg/mktg420.html,Mid-career
Marketing Strategy,Bachelors,Marketing,Athabasca,English,Online,Online, 3 months ,$664,https://www.athabascau.ca/syllabi/mktg/mktg440.html,Mid-career
Financial Fluency,Certificate,Finance and Accounting,Schulich,English,Online,Online,5 Days,"$3,550",https://execed.schulich.yorku.ca/program/certificate-in-financial-fluency/?utm_medium=cpc&utm_source=google&utm_campaign=ga_dg_ww_schulich_brand&gclid=CjwKCAiA0PuuBhBsEiwAS7fsNZ92a7ONTy7UNX0hoqpVEf4c0fAziyLx_Sea8qxozKuBWytC_bQhWRoCUZoQAvD_BwE#program-overview,Executive
Sales Management,Certificate,Sales,Schulich,English,Online,Online,5 days of over 2 weeks,N/A,https://execed.schulich.yorku.ca/program/certificate-in-sales-management/?utm_medium=cpc&utm_source=google&utm_campaign=ga_dg_ww_schulich_brand&gclid=CjwKCAiA0PuuBhBsEiwAS7fsNZ92a7ONTy7UNX0hoqpVEf4c0fAziyLx_Sea8qxozKuBWytC_bQhWRoCUZoQAvD_BwE#program-overview,Executive
Strategic Agility,Certificate,Strategy,Schulich,English,Online,Online,5 Days,"$4,950",https://execed.schulich.yorku.ca/program/certificate-in-strategic-agility/?utm_medium=cpc&utm_source=google&utm_campaign=ga_dg_ww_schulich_brand&gclid=CjwKCAiA0PuuBhBsEiwAS7fsNZ92a7ONTy7UNX0hoqpVEf4c0fAziyLx_Sea8qxozKuBWytC_bQhWRoCUZoQAvD_BwE#program-overview,Executive
Strategic Innovation and Creative Leadership,Certificate,Strategy,Schulich,English,Online,Online,5 Days,"$4,950",https://execed.schulich.yorku.ca/program/certificate-in-strategic-innovation-and-creative-leadership/?utm_medium=cpc&utm_source=google&utm_campaign=ga_dg_ww_schulich_brand&gclid=CjwKCAiA0PuuBhBsEiwAS7fsNZ92a7ONTy7UNX0hoqpVEf4c0fAziyLx_Sea8qxozKuBWytC_bQhWRoCUZoQAvD_BwE#program-overview,Executive
Strategic Messaging & Business Communications,Certificate,Strategy,Schulich,English,Online,Online,2 weeks,"$3,950",https://execed.schulich.yorku.ca/program/certificate-in-strategic-messaging-and-business-communications/?utm_medium=cpc&utm_source=google&utm_campaign=ga_dg_ww_schulich_brand&gclid=CjwKCAiA0PuuBhBsEiwAS7fsNZ92a7ONTy7UNX0hoqpVEf4c0fAziyLx_Sea8qxozKuBWytC_bQhWRoCUZoQAvD_BwE,Executive
Executive Leadership,Certificate,Strategy,Schulich,English,Online,Online,1 month,"$2,450",https://execed.schulich.yorku.ca/program/executive-leadership/?utm_medium=cpc&utm_source=google&utm_campaign=ga_dg_ww_schulich_brand&gclid=CjwKCAiA0PuuBhBsEiwAS7fsNZ92a7ONTy7UNX0hoqpVEf4c0fAziyLx_Sea8qxozKuBWytC_bQhWRoCUZoQAvD_BwE#program-overvieww,Executive
Analytics and AI for Leaders,Certificate,Technology,Schulich,English,Online,Online,3 months,"$11,850",https://execed.schulich.yorku.ca/program/masters-certificate-in-analytics-and-ai-for-leaders/?utm_medium=cpc&utm_source=google&utm_campaign=ga_dg_ww_schulich_brand&gclid=CjwKCAiA0PuuBhBsEiwAS7fsNZ92a7ONTy7UNX0hoqpVEf4c0fAziyLx_Sea8qxozKuBWytC_bQhWRoCUZoQAvD_BwE,Executive
Enterprise Risk Management and Governance,Certificate,Finance and Accounting,Schulich,English,Online,Online,6 months,"$9,950",https://execed.schulich.yorku.ca/program/masters-certificate-in-enterprise-risk-management-and-governance/?utm_medium=cpc&utm_source=google&utm_campaign=ga_dg_ww_schulich_brand&gclid=CjwKCAiA0PuuBhBsEiwAS7fsNZ92a7ONTy7UNX0hoqpVEf4c0fAziyLx_Sea8qxozKuBWytC_bQhWRoCUZoQAvD_BwE#program-overview,Executive
Healthcare Management,Certificate,Healthcare,Schulich,English,Online,Online,6 months,"$9,950",https://execed.schulich.yorku.ca/program/masters-certificate-in-healthcare-management/?utm_medium=cpc&utm_source=google&utm_campaign=ga_dg_ww_schulich_brand&gclid=CjwKCAiA0PuuBhBsEiwAS7fsNZ92a7ONTy7UNX0hoqpVEf4c0fAziyLx_Sea8qxozKuBWytC_bQhWRoCUZoQAvD_BwE#faculty-profiles,Executive
Venture Finance,Certificate,Finance and Accounting,Schulich,English,Online,Online,6 weeks,"$3,999",https://execed.schulich.yorku.ca/program/schulich-masterclass-certificate-in-venture-finance/?utm_medium=cpc&utm_source=google&utm_campaign=ga_dg_ww_schulich_brand&gclid=CjwKCAiA0PuuBhBsEiwAS7fsNZ92a7ONTy7UNX0hoqpVEf4c0fAziyLx_Sea8qxozKuBWytC_bQhWRoCUZoQAvD_BwE,Executive
Schulich Executive Presence,Certificate,Strategy,Schulich,English,Online,Online,2 days,N/A,https://execed.schulich.yorku.ca/program/schulich-executive-presence/?utm_medium=cpc&utm_source=google&utm_campaign=ga_dg_ww_schulich_brand&gclid=CjwKCAiA0PuuBhBsEiwAS7fsNZ92a7ONTy7UNX0hoqpVEf4c0fAziyLx_Sea8qxozKuBWytC_bQhWRoCUZoQAvD_BwE,Executive
Strategic Account Management and Client Development,Certificate,Strategy,Schulich,English,Online,Online,2 days,"$2,150",https://execed.schulich.yorku.ca/program/strategic-account-management-and-client-development/?utm_medium=cpc&utm_source=google&utm_campaign=ga_dg_ww_schulich_brand&gclid=CjwKCAiA0PuuBhBsEiwAS7fsNZ92a7ONTy7UNX0hoqpVEf4c0fAziyLx_Sea8qxozKuBWytC_bQhWRoCUZoQAvD_BwE,Executive
Data-Informed Leadership,Certificate,Technology,Ivey,English,Online,Online,4 weeks,"$5,390",https://www.ivey.uwo.ca/academy/individuals/individual-programs/data-informed-leadership/,Executive
Sustainability and Digital Innovation,Certificate,Technology,Ivey,English,Online,Online,2 weeks,$790,https://www.ivey.uwo.ca/academy/individuals/individual-programs/data-informed-leadership/,Executive
Customer Dynamics in the Digital World,Certificate,Marketing,Ivey,English,Online,Online,2 weeks,"$1,190",https://www.ivey.uwo.ca/academy/individuals/individual-programs/customer-dynamics-in-the-digital-world/,Executive
Strategic Thinking and Decision-Making,Certificate,Strategy,Ivey,English,Online,Online,3 weeks,"$3,990",https://www.ivey.uwo.ca/academy/individuals/individual-programs/strategic-thinking-and-decision-making/,Executive
Accounting,Bachelors,Finance and Accounting,Yorkville ,English,Online,Online, 2.5 years,"$5,916",https://www.yorkvilleu.ca/programs/bachelor-of-business-administration-online/accounting/?_gl=1*1g80roq*_ga*NTA3Mjg2ODkwLjE3MDk0OTU5MjU.*_ga_GW15M562QS*MTcwOTQ5NTkyNS4xLjEuMTcwOTQ5NjA4MC42MC4wLjA.,Mid-career
Energy Management,Bachelors,Finance and Accounting,Yorkville ,English,Online,Online, 2.5 years,"$5,916",https://www.yorkvilleu.ca/programs/bachelor-of-business-administration-online/energy-management/?_gl=1*itjtkj*_ga*NTA3Mjg2ODkwLjE3MDk0OTU5MjU.*_ga_GW15M562QS*MTcwOTQ5NTkyNS4xLjEuMTcwOTQ5NzE1Ny42MC4wLjA.,Mid-career
Education in Adult Education,Masters,Education,Yorkville ,English,Online,Online,2 years,"$8,200",https://www.yorkvilleu.ca/programs/med-in-adult-education/?_gl=1*1jdinp4*_ga*NTA3Mjg2ODkwLjE3MDk0OTU5MjU.*_ga_GW15M562QS*MTcwOTQ5NTkyNS4xLjEuMTcwOTQ5NzE2Ny41MC4wLjA.,Mid-career
Educational Leadership,Masters,Education,Yorkville ,English,Online,Online,3 years,"$8,200",https://www.yorkvilleu.ca/programs/med-in-educational-leadership/leadership-in-learning/,Mid-career
Markketing landscape,Certificate,Marketing,Ecornell,English,Online,Online,2 weeks,"$1,199",https://online.cornell.edu/courses/marketing/understanding-the-digital-marketing-landscape-and-the-customer-funnel/,Executive
Assessing opportunities in paid social media,Certificate,Marketing,Ecornell,English,Online,Online,2 weeks,N/A,https://online.cornell.edu/courses/marketing/assessing-opportunities-in-paid-digital-media/,Executive
Assessing opportunities in owned social media,Certificate,Marketing,Ecornell,English,Online,Online,2 weeks,N/A,https://online.cornell.edu/courses/marketing/assessing-opportunities-in-owned-digital-media/,Executive
Social Media Strategy,Certificate,Marketing,Ecornell,English,Online,Online,2 weeks,$999,https://online.cornell.edu/courses/marketing/social-media-strategy/,Executive
Digital Advertising With Analytics,Certificate,Marketing,Ecornell,English,Online,Online,2 weeks,N/A,https://online.cornell.edu/courses/marketing/optimizing-digital-advertising-with-analytics/,Associate
Data privacy in marketing,Certificate,Marketing,Ecornell,English,Online,Online,2 weeks,"$1,199",https://online.cornell.edu/courses/marketing/data-privacy-in-marketing/,Associate
Exploring data sets with R,Certificate,Marketing,Ecornell,English,Online,Online,2 weeks,$999,https://docs.google.com/spreadsheets/d/1JlV_nAs7nyFlMDzxaauAfK2bRJZTf3V6QqIZ5zAomjE/edit#gid=0,Associate
Growth marketing with AI ,Certificate,Marketing,Ecornell,English,Online,Online,2 weeks,"$1,199",https://online.cornell.edu/courses/marketing/growth-marketing-with-ai/,Associate
Writing concise copy,Certificate,Marketing,Ecornell,English,Online,Online,2 weeks,"$1,199",https://online.cornell.edu/courses/marketing/writing-concise-copy/,Mid-career
Brand Purpose,Certificate,Marketing,Ecornell,English,Online,Online,2 weeks,$999,https://online.cornell.edu/courses/marketing/brand-purpose/,Executive
Hospitality Management 360,Certificate,Travel and Hospitality,Ecornell,English,Online,Online,9 Months,"$10,399",https://online.cornell.edu/certificates/hospitality-and-foodservice-management/hospitality-management-360/,Mid-career
Leading a culture of service excellence,Certificate,Travel and Hospitality,Ecornell,English,Online,Online,3 months,"$4,809",https://online.cornell.edu/certificates/hospitality-and-foodservice-management/leading-a-culture-of-service-excellence/,Mid-career
Hospitality Accounting,Certificate,Travel and Hospitality,Ecornell,English,Online,Online,2.5 months,"$4,875",https://online.cornell.edu/certificates/hospitality-and-foodservice-management/hospitality-accounting/,Mid-career
Strategic Hospitality Marketing,Certificate,Travel and Hospitality,Ecornell,English,Online,Online,3 months,"$4,809",https://online.cornell.edu/certificates/hospitality-and-foodservice-management/strategic-hospitality-marketing/,Mid-career
Hospitality Leadership,Certificate,Travel and Hospitality,University of Guelph,English,Hybrid,Guelph,12 Weeks,"$5,499",https://www.uoguelph.ca/hftm/hospitality-leadership-certificate,Mid-career
Travel Studies,Certificate,Travel and Hospitality,Fanshawe College,English,Online,Online,28 Weeks,"$3,237",https://www.fanshawec.ca/programs/tts1-tourism-travel-studies/next#program-details,Associate